task,policy,run,score,max,verdict,b1,b2,rubiks,mug,grapes,plate,baseball
Move latte cup,pi0.5,1,5.0,10,fail,,,,,,,
Move latte cup,pi0.5,2,0.0,10,fail,,,,,,,
Move latte cup,pi0.5,3,0.0,10,fail,,,,,,,
Move latte cup,pi0.5,4,5.0,10,fail,,,,,,,
Move latte cup,pi0.5,5,10.0,10,success,,,,,,,
Move latte cup,pi0.5,6,5.0,10,partial,,,,,,,
Move latte cup,pi0.5,7,10.0,10,success,,,,,,,
Move latte cup,pi0.5,8,0.0,10,fail,,,,,,,
Move latte cup,pi0.5,9,0.0,10,fail,,,,,,,
Move latte cup,pi0.5,10,5.0,10,fail,,,,,,,
Move latte cup,pi0.5,11,0.0,10,fail,,,,,,,
Move latte cup,pi0.5,12,5.0,10,fail,,,,,,,
Move latte cup,pi0.5,13,8.0,10,partial,,,,,,,
Move latte cup,pi0.5,14,0.0,10,fail,,,,,,,
Move latte cup,pi0.5,15,0.0,10,fail,,,,,,,
Move latte cup,pi0.5,16,5.0,10,fail,,,,,,,
Move latte cup,pi0.5,17,0.0,10,fail,,,,,,,
Move latte cup,pi0.5,18,5.0,10,fail,,,,,,,
Move latte cup,pi0.5,19,5.0,10,fail,,,,,,,
Move latte cup,pi0.5,20,5.0,10,fail,,,,,,,
Move latte cup,MolmoAct2,1,10.0,10,success,,,,,,,
Move latte cup,MolmoAct2,2,5.0,10,fail,,,,,,,
Move latte cup,MolmoAct2,3,0.0,10,fail,,,,,,,
Move latte cup,MolmoAct2,4,10.0,10,success,,,,,,,
Move latte cup,MolmoAct2,5,5.0,10,fail,,,,,,,
Move latte cup,MolmoAct2,6,5.0,10,fail,,,,,,,
Move latte cup,MolmoAct2,7,5.0,10,fail,,,,,,,
Move latte cup,MolmoAct2,8,10.0,10,success,,,,,,,
Move latte cup,MolmoAct2,9,5.0,10,fail,,,,,,,
Move latte cup,MolmoAct2,10,10.0,10,success,,,,,,,
Move latte cup,MolmoAct2,11,5.0,10,fail,,,,,,,
Move latte cup,MolmoAct2,12,5.0,10,fail,,,,,,,
Move latte cup,MolmoAct2,13,10.0,10,success,,,,,,,
Move latte cup,MolmoAct2,14,0.0,10,fail,,,,,,,
Move latte cup,MolmoAct2,15,10.0,10,success,,,,,,,
Move latte cup,MolmoAct2,16,8.0,10,partial,,,,,,,
Move latte cup,MolmoAct2,17,5.0,10,fail,,,,,,,
Move latte cup,MolmoAct2,18,5.0,10,fail,,,,,,,
Move latte cup,MolmoAct2,19,5.0,10,fail,,,,,,,
Move latte cup,MolmoAct2,20,0.0,10,fail,,,,,,,
Clear table,pi0.5,1,50.0,70,partial,,,15,10,10,0,15
Clear table,pi0.5,2,70.0,70,success,,,15,10,10,20,15
Clear table,pi0.5,3,40.0,70,partial,,,0,10,10,20,0
Clear table,pi0.5,4,55.0,70,partial,,,15,10,10,20,0
Clear table,pi0.5,5,70.0,70,success,,,15,10,10,20,15
Clear table,pi0.5,6,18.0,70,partial,,,0,10,8,0,0
Clear table,pi0.5,7,70.0,70,success,,,15,10,10,20,15
Clear table,pi0.5,8,55.0,70,partial,,,0,10,10,20,15
Clear table,pi0.5,9,25.0,70,partial,,,15,0,10,0,0
Clear table,pi0.5,10,60.0,70,partial,,,5,10,10,20,15
Clear table,pi0.5,11,55.0,70,partial,,,15,10,10,20,0
Clear table,pi0.5,12,55.0,70,partial,,,15,10,10,20,0
Clear table,pi0.5,13,70.0,70,success,,,15,10,10,20,15
Clear table,pi0.5,14,70.0,70,success,,,15,10,10,20,15
Clear table,pi0.5,15,35.0,70,partial,,,10,0,10,0,15
Clear table,pi0.5,16,45.0,70,partial,,,0,0,10,20,15
Clear table,pi0.5,17,35.0,70,partial,,,15,10,10,0,0
Clear table,pi0.5,18,40.0,70,partial,,,0,10,10,20,0
Clear table,pi0.5,19,8.0,70,fail,,,0,0,8,0,0
Clear table,pi0.5,20,30.0,70,partial,,,0,10,10,0,10
Clear table,MolmoAct2,1,70.0,70,success,,,15,10,10,20,15
Clear table,MolmoAct2,2,40.0,70,partial,,,0,10,10,20,0
Clear table,MolmoAct2,3,0.0,70,fail,,,0,0,0,0,0
Clear table,MolmoAct2,4,70.0,70,success,,,15,10,10,20,15
Clear table,MolmoAct2,5,0.0,70,fail,,,0,0,0,0,0
Clear table,MolmoAct2,6,70.0,70,success,,,15,10,10,20,15
Clear table,MolmoAct2,7,65.0,70,partial,,,15,8,10,17,15
Clear table,MolmoAct2,8,60.0,70,partial,,,15,0,10,20,15
Clear table,MolmoAct2,9,40.0,70,partial,,,0,10,10,20,0
Clear table,MolmoAct2,10,55.0,70,partial,,,15,10,10,20,0
Clear table,MolmoAct2,11,67.0,70,partial,,,15,10,10,17,15
Clear table,MolmoAct2,12,20.0,70,partial,,,10,0,10,0,0
Clear table,MolmoAct2,13,25.0,70,partial,,,0,0,10,0,15
Clear table,MolmoAct2,14,60.0,70,partial,,,5,10,10,20,15
Clear table,MolmoAct2,15,70.0,70,success,,,15,10,10,20,15
Clear table,MolmoAct2,16,55.0,70,partial,,,15,10,10,20,0
Clear table,MolmoAct2,17,30.0,70,partial,,,15,0,10,0,5
Clear table,MolmoAct2,18,70.0,70,success,,,15,10,10,20,15
Clear table,MolmoAct2,19,5.0,70,fail,,,5,0,0,0,0
Clear table,MolmoAct2,20,35.0,70,partial,,,15,0,10,0,10
Bottles in bins,pi0.5,1,16.0,20,success,8,8,,,,,
Bottles in bins,pi0.5,2,8.0,20,partial,8,0,,,,,
Bottles in bins,pi0.5,3,8.0,20,partial,8,0,,,,,
Bottles in bins,pi0.5,4,8.0,20,partial,8,0,,,,,
Bottles in bins,pi0.5,5,8.0,20,partial,8,0,,,,,
Bottles in bins,pi0.5,6,16.0,20,success,8,8,,,,,
Bottles in bins,pi0.5,7,0.0,20,fail,0,0,,,,,
Bottles in bins,pi0.5,8,16.0,20,success,8,8,,,,,
Bottles in bins,pi0.5,9,16.0,20,success,8,8,,,,,
Bottles in bins,pi0.5,10,16.0,20,success,8,8,,,,,
Bottles in bins,pi0.5,11,5.0,20,fail,5,0,,,,,
Bottles in bins,pi0.5,12,5.0,20,fail,5,0,,,,,
Bottles in bins,pi0.5,13,8.0,20,partial,8,0,,,,,
Bottles in bins,pi0.5,14,16.0,20,success,8,8,,,,,
Bottles in bins,pi0.5,15,5.0,20,fail,5,0,,,,,
Bottles in bins,pi0.5,16,8.0,20,partial,8,0,,,,,
Bottles in bins,pi0.5,17,10.0,20,fail,5,5,,,,,
Bottles in bins,pi0.5,18,0.0,20,fail,0,0,,,,,
Bottles in bins,pi0.5,19,16.0,20,success,8,8,,,,,
Bottles in bins,pi0.5,20,16.0,20,success,8,8,,,,,
Bottles in bins,MolmoAct2,1,10.0,20,fail,5,5,,,,,
Bottles in bins,MolmoAct2,2,5.0,20,fail,5,0,,,,,
Bottles in bins,MolmoAct2,3,16.0,20,partial,8,8,,,,,
Bottles in bins,MolmoAct2,4,0.0,20,fail,0,0,,,,,
Bottles in bins,MolmoAct2,5,13.0,20,partial,8,5,,,,,
Bottles in bins,MolmoAct2,6,16.0,20,partial,8,8,,,,,
Bottles in bins,MolmoAct2,7,5.0,20,fail,5,0,,,,,
Bottles in bins,MolmoAct2,8,13.0,20,partial,8,5,,,,,
Bottles in bins,MolmoAct2,9,13.0,20,partial,8,5,,,,,
Bottles in bins,MolmoAct2,10,13.0,20,partial,8,5,,,,,
Bottles in bins,MolmoAct2,11,8.0,20,partial,8,0,,,,,
Bottles in bins,MolmoAct2,12,16.0,20,partial,8,8,,,,,
Bottles in bins,MolmoAct2,13,5.0,20,fail,5,0,,,,,
Bottles in bins,MolmoAct2,14,13.0,20,partial,8,5,,,,,
Bottles in bins,MolmoAct2,15,5.0,20,fail,5,0,,,,,
Bottles in bins,MolmoAct2,16,13.0,20,partial,8,5,,,,,
Bottles in bins,MolmoAct2,17,0.0,20,fail,0,0,,,,,
Bottles in bins,MolmoAct2,18,16.0,20,partial,8,8,,,,,
Bottles in bins,MolmoAct2,19,5.0,20,fail,5,0,,,,,
Bottles in bins,MolmoAct2,20,5.0,20,fail,5,0,,,,,
Stack bowls,pi0.5,1,30.0,50,partial,,,,,,,
Stack bowls,pi0.5,2,20.0,50,fail,,,,,,,
Stack bowls,pi0.5,3,30.0,50,partial,,,,,,,
Stack bowls,pi0.5,4,20.0,50,fail,,,,,,,
Stack bowls,pi0.5,5,30.0,50,partial,,,,,,,
Stack bowls,pi0.5,6,30.0,50,partial,,,,,,,
Stack bowls,pi0.5,7,50.0,50,success,,,,,,,
Stack bowls,pi0.5,8,30.0,50,partial,,,,,,,
Stack bowls,pi0.5,9,50.0,50,success,,,,,,,
Stack bowls,pi0.5,10,30.0,50,partial,,,,,,,
Stack bowls,pi0.5,11,30.0,50,partial,,,,,,,
Stack bowls,pi0.5,12,5.0,50,fail,,,,,,,
Stack bowls,pi0.5,13,50.0,50,success,,,,,,,
Stack bowls,pi0.5,14,50.0,50,success,,,,,,,
Stack bowls,pi0.5,15,10.0,50,fail,,,,,,,
Stack bowls,pi0.5,16,50.0,50,success,,,,,,,
Stack bowls,pi0.5,17,20.0,50,fail,,,,,,,
Stack bowls,pi0.5,18,5.0,50,fail,,,,,,,
Stack bowls,pi0.5,19,15.0,50,fail,,,,,,,
Stack bowls,pi0.5,20,30.0,50,partial,,,,,,,
Stack bowls,MolmoAct2,1,20.0,50,fail,,,,,,,
Stack bowls,MolmoAct2,2,5.0,50,fail,,,,,,,
Stack bowls,MolmoAct2,3,30.0,50,partial,,,,,,,
Stack bowls,MolmoAct2,4,40.0,50,partial,,,,,,,
Stack bowls,MolmoAct2,5,20.0,50,fail,,,,,,,
Stack bowls,MolmoAct2,6,30.0,50,partial,,,,,,,
Stack bowls,MolmoAct2,7,40.0,50,partial,,,,,,,
Stack bowls,MolmoAct2,8,30.0,50,partial,,,,,,,
Stack bowls,MolmoAct2,9,50.0,50,success,,,,,,,
Stack bowls,MolmoAct2,10,40.0,50,partial,,,,,,,
Stack bowls,MolmoAct2,11,40.0,50,partial,,,,,,,
Stack bowls,MolmoAct2,12,40.0,50,partial,,,,,,,
Stack bowls,MolmoAct2,13,10.0,50,fail,,,,,,,
Stack bowls,MolmoAct2,14,50.0,50,success,,,,,,,
Stack bowls,MolmoAct2,15,10.0,50,fail,,,,,,,
Stack bowls,MolmoAct2,16,30.0,50,partial,,,,,,,
Stack bowls,MolmoAct2,17,50.0,50,success,,,,,,,
Stack bowls,MolmoAct2,18,20.0,50,fail,,,,,,,
Stack bowls,MolmoAct2,19,30.0,50,partial,,,,,,,
Stack bowls,MolmoAct2,20,10.0,50,fail,,,,,,,
Stack blocks,pi0.5,1,5.0,30,fail,,,,,,,
Stack blocks,pi0.5,2,10.0,30,fail,,,,,,,
Stack blocks,pi0.5,3,0.0,30,fail,,,,,,,
Stack blocks,pi0.5,4,5.0,30,fail,,,,,,,
Stack blocks,pi0.5,5,5.0,30,fail,,,,,,,
Stack blocks,pi0.5,6,5.0,30,fail,,,,,,,
Stack blocks,pi0.5,7,10.0,30,fail,,,,,,,
Stack blocks,pi0.5,8,5.0,30,fail,,,,,,,
Stack blocks,pi0.5,9,5.0,30,fail,,,,,,,
Stack blocks,pi0.5,10,0.0,30,fail,,,,,,,
Stack blocks,pi0.5,11,10.0,30,fail,,,,,,,
Stack blocks,pi0.5,12,0.0,30,fail,,,,,,,
Stack blocks,pi0.5,13,0.0,30,fail,,,,,,,
Stack blocks,pi0.5,14,20.0,30,partial,,,,,,,
Stack blocks,pi0.5,15,10.0,30,fail,,,,,,,
Stack blocks,pi0.5,16,5.0,30,fail,,,,,,,
Stack blocks,pi0.5,17,5.0,30,fail,,,,,,,
Stack blocks,pi0.5,18,5.0,30,fail,,,,,,,
Stack blocks,pi0.5,19,10.0,30,fail,,,,,,,
Stack blocks,pi0.5,20,5.0,30,fail,,,,,,,
Stack blocks,MolmoAct2,1,0.0,30,fail,,,,,,,
Stack blocks,MolmoAct2,2,0.0,30,fail,,,,,,,
Stack blocks,MolmoAct2,3,10.0,30,fail,,,,,,,
Stack blocks,MolmoAct2,4,0.0,30,fail,,,,,,,
Stack blocks,MolmoAct2,5,0.0,30,fail,,,,,,,
Stack blocks,MolmoAct2,6,0.0,30,fail,,,,,,,
Stack blocks,MolmoAct2,7,0.0,30,fail,,,,,,,
Stack blocks,MolmoAct2,8,0.0,30,fail,,,,,,,
Stack blocks,MolmoAct2,9,10.0,30,fail,,,,,,,
Stack blocks,MolmoAct2,10,0.0,30,fail,,,,,,,
Stack blocks,MolmoAct2,11,10.0,30,fail,,,,,,,
Stack blocks,MolmoAct2,12,0.0,30,fail,,,,,,,
Stack blocks,MolmoAct2,13,10.0,30,fail,,,,,,,
Stack blocks,MolmoAct2,14,10.0,30,fail,,,,,,,
Stack blocks,MolmoAct2,15,10.0,30,fail,,,,,,,
Stack blocks,MolmoAct2,16,0.0,30,fail,,,,,,,
Stack blocks,MolmoAct2,17,10.0,30,fail,,,,,,,
Stack blocks,MolmoAct2,18,0.0,30,fail,,,,,,,
Stack blocks,MolmoAct2,19,0.0,30,fail,,,,,,,
Stack blocks,MolmoAct2,20,0.0,30,fail,,,,,,,
